{
    "version" : "3.2014",

    "variables": {
        "Picture"       : "$zebra.ui.Picture",
        "Border"        : "$zebra.ui.Border",
        "Dotted"        : "$zebra.ui.Dotted",
        "ViewSet"       : "$zebra.ui.ViewSet",
        "View"          : "$zebra.ui.View",
        "Gradient"      : "$zebra.ui.Gradient",
        "CompositeView" : "$zebra.ui.CompositeView",
        "rgb"           : "$zebra.util.rgb",
        "Font"          : "$zebra.ui.Font",
        "FlowLayout"    : "$zebra.layout.FlowLayout",
        "BorderLayout"  : "$zebra.layout.BorderLayout",
        "ListLayout"    : "$zebra.layout.ListLayout"
    },

    "doubleClickDelta":180,

    "KeyEvent": {
        "A":65, "B":66, "C":67, "D":68, "E":69, "F":70, "G":71, "H":72, "I":73, "J":74, "K":75, 
        "L":76, "M":77, "N":78, "O":79, "P":80, "Q":81, "R":82, "S":83, "T":84, "U":85, "V":86, 
        "W":87, "X":88, "Y":89, "Z":90, "0":48, "1":49, "2":50, "3":51, "4":52, "5":53, "6":54,
        "7":55, "8":56, "9":57, "F1":112, "F2":113, "F3":114, "F4":115, "F5":116, "F6":117, 
        "F7":118, "F8":119, "F9":120, "F10":121, "F11" : 122, "F12" : 123, ",":188, ";" : 186, "'" : 222, 
        "[":219, "]":221, "\\":220,  "/":191,  "ENTER":13, "ESCAPE" : 27, "SPACE" : 32, "DELETE" : 46,
        "BSPACE":8, "TAB":9, "INSERT":45, "DELETE":46, "LEFT":37, "RIGHT":39, "UP":38, "DOWN":40,
        "HOME":36,"END":35,"PAGEUP":33,"PAGEDOWN":34, "CMD":{ ".expr":"zebra.isFF?224:91" }, "SHIFT": 16, 
        "CTRL" : 17, "ALT":18, "CHAR_UNDEFINED":0
    },

    "events"        : { "$zebra.ui.EventManager":[]  },
    "paintManager"  : { "$zebra.ui.PaintManImpl":[]  },
    "focusManager"  : { "$zebra.ui.FocusManager":[]  },

    "?zebra.isTouchable == false": {
        "clipboardTriggerKey" : {".expr" : "zebra.isMacOS ? zebra.ui.KeyEvent.CMD : zebra.ui.KeyEvent.CTRL" },        
        "cursorManager"  : { "$zebra.ui.CursorManager"  :[] },
        "commandManager" : { 
            "$zebra.ui.CommandManager" :[{
                "common": [
                    {
                        "command" : "undo_command",
                        "key"     : "Ctrl+z"
                    },
                    {
                        "command" : "redo_command",
                        "key"     : "Ctrl+Shift+z"
                    },
                    {
                        "command" : "selectAll_command",
                        "key"     : "Ctrl+A"
                    },
                    {
                        "command" : "nextWord_command",
                        "args"    : [ false, 1 ],
                        "key"     : "Ctrl+Right"
                    },
                    {
                        "command" : "nextWord_command",
                        "args"    : [ false, -1 ],
                        "key"     : "Ctrl+Left"
                    },
                    {
                        "command" : "nextWord_command",
                        "args"    : [ true, 1],
                        "key"     : "Ctrl+Shift+Right"
                    },
                    {
                        "command" : "nextWord_command",
                        "args"    : [ true, -1],
                        "key"     : "Ctrl+Shift+Left"
                    },
                    {
                        "command" : "nextPage_command",
                        "args"    : [ false, -1], 
                        "key"     : "Ctrl+Up"
                    },
                    {
                        "command" : "nextPage_command",
                        "args"    : [ false, 1], 
                        "key"     : "Ctrl+Down"
                    },
                    {
                        "command" : "nextPage_command",
                        "args"    : [ true, -1], 
                        "key"     : "Ctrl+Up+Shift"
                    },
                    {
                        "command" : "nextPage_command",
                        "args"    : [ true, 1], 
                        "key"     : "Ctrl+Down+Shift"
                    }
                ],
                "osx" : [
                    {
                        "command"   : "undo_command",
                        "key"       : "Cmd+z"
                    },
                    {
                        "command" : "redo_command",
                        "key"     : "Cmd+Shift+z"
                    },
                    {
                        "command" : "selectAll_command",
                        "key"     : "Cmd+A"
                    },
                    {
                        "command" : "nextWord_command",
                        "args"    : [ false, 1 ],
                        "key"     : "Cmd+Right"
                    },
                    {
                        "command" : "nextWord_command",
                        "args"    : [ false, -1 ],
                        "key"     : "Cmd+Left"
                    },
                    {
                        "command" : "nextWord_command",
                        "args"    : [ true, 1],
                        "key"     : "Cmd+Shift+Right"
                    },
                    {
                        "command" : "nextWord_command",
                        "args"    : [ true, -1],
                        "key"     : "Cmd+Shift+Left"
                    }
                ]
             }] 
        }    
    },

    "popup" : { 
        "$zebra.ui.PopupManager": [],  
        "hideTooltipByPress": { ".expr": "!zebra.isTouchable" } 
    },

    "font"          : { "$Font" : ["Arial", 14] },
    "boldFont"      : { "$Font" : ["Arial", "bold", 12] },
    "smallFont"     : { "$Font" : ["Arial", 10] },

    "palette": {
        "white"      : "#FFFFFF",
        "black"      : "#000000",
        "fontColor"  : "#808080",
        "background" :  { "$Gradient": [ "white", "#F0F0F0", 32 ] },
        "borderColor": "#AAAAAA",
        "gray1"      : "#A1A1A1",
        "gray2"      : "#AAAAAA",
        "gray3"      : "#C7C7C7",
        "gray4"      : "#CECECE",
        "gray5"      : "#D9D9D9",
        "gray6"      : "#E4E4E4",
        "gray7"      : "#F3F3F3"
    },

    "borders" : {
        "raised" : { "$zebra.ui.Raised":[] },
        "sunken" : { "$zebra.ui.Sunken":[] },
        "etched" : { "$zebra.ui.Etched":[] },
        "plain"  : { "$Border" : [ "#C5C5C5", 1, 3 ]  },
        "dot"    : { "$Dotted" : []  }
    },

    "BaseLayer": {
        "properties": {
            "layout"     : { "$zebra.layout.RasterLayout":[] },
            "background" : null
        }
    },

    "RootLayer": {
        "properties": {
            "$inherit": [ "BaseLayer.properties" ]
        }
    },

    "PopupLayer": {
        "properties": {}
    },

    "zCanvas": {
        "//"    :  "IT IS IMPORTANT TO HAVE CANVAS CSS PADDING = 0 TO FIX IE9 PROBLEM",
        "properties": {
            "background": "white",
            "layout": { "$zebra.layout.StackLayout":[] },
            
            "styles": {
                "background-color"           : "@palette.background",
                "outline"                    : "none",
                "padding"                    : "0px",
                "-webkit-user-select"        : "none",
                "-ms-user-select"            : "none",
                "-moz-user-select"           : "-moz-none",
                "user-select"                : "none",
                "-khtml-user-select"         : "none",
                "-webkit-tap-highlight-color": "rgba(0,0,0,0)", 
                "touch-action"               : "none", 
                "content-zooming"            : "none", 
                "touch-callout"              : "none", 
                "user-drag"                  : "none", 
                "tap-highlight-color"        : "rgba(0,0,0,0)" 
            },

            "features" : [
                "zebra.ui.MouseWheelSupport"
            ],

            "kids": [
                { "$ *zebra.ui.RootLayer" : "root" },
                { "$ *zebra.ui.WinLayer"  : [] },
                { "$ *zebra.ui.PopupLayer": [] }
            ]
        }
    },

    "pictures" : {
        "zebra" : { ".loadImage":"%root%/zebra.png" }
    },

    "StringRender" : {
        "disabledColor": "white",    
        "color": "@palette.fontColor",
        "font" : "@font"   
    },

    "TextRender" : {
        "disabledColor": "white",
        "color": "@palette.fontColor",
        "font" : "@font"   
    },

    "CompositeEvStatePan": {
        "properties": {
            "layout"     : { "$FlowLayout": [ "center","center", "horizontal",2 ] },
            "focusMarker": "@borders.dot"
        }
    },

    "BoldLabel": {
        "properties": {
            "font": "@boldFont"
        }
    },

    "Button": {
        "Label": {
            "properties": {
                "font": { "$Font" : ["Arial", "bold", 15] },
                "disabledColor": "white" 
            }
        },

        "properties": {
            "layout": { "$FlowLayout": ["center","center", "horizontal",2] },

            "background": { 
                "pressed.over" : "#FFFFFF",
                "out"          : { "$Gradient": [ "rgb(250, 250, 250)", "rgb(234, 234, 234)"] },
                "over"         : { "$Gradient": [ "rgb(234, 234, 234)", "rgb(214, 214, 214)"] },
                "disabled"     : "lightGray"
            },

            "border": { 
                "focuson"  : { "$Border" : [ "#66CCFF", 2, 3 ] },
                "focusoff" : { "$Border" : [ "#C5C5C5", 1, 3 ] }
            },

            "focusMarkerView" : null,
            "padding":6
        }
    },

    "Checkbox": {
        "Box": {
            "properties": {
                "preferredSize": [ 16, 16],
                "border"       : "@borders.plain",
                "background"   : {
                    "*": { "$Gradient": [ "rgb(250, 250, 250)", "rgb(234, 234, 234)" ] },
                    "doff": "lightGray",
                    "don": "lightGray"
                },
                "view": {
                    "on.out"   : { "$zebra.ui.CheckboxView": [] },
                    "off.out"  : { "$View": [] },
                    "off.over" : { "$zebra.ui.CheckboxView": [ "lightGray" ] },
                    "on.over"  : { "$zebra.ui.CheckboxView": [ "red" ] },
                    "don"      : { "$zebra.ui.CheckboxView": [ "#AAAAAA" ] },
                    "doff"     : { "$View": [] }
                }
            }
        },

        "Label": {
            "properties": {
               "disabledColor": "lightGray"
            }
        },

        "properties": {
            "layout" : { "$FlowLayout": [ "left","center","horizontal",6 ] },
            "border" : {  
                 "focuson" :  { "$Border": [ "#66CCFF", 1, 4 ] },
                 "focusoff":  { "$View" : [ ] }
            },
            "padding": 2
        }
    },

    "Radiobox": {
        "Box": {
            "properties": {
                "preferredSize": [ 16, 16],
                "border"       : { "$zebra.ui.RoundBorder":["rgb(197,197,197)", 1] },
                "background"   : { 
                    "*" : { "$Gradient": [ "rgb(250, 250, 250)", "rgb(234, 234, 234)" ] }, 
                    "doff": "lightGray",
                    "don": "lightGray"
                },
                "view": {
                    "on.out"   : { "$zebra.ui.RadioView" : []  },
                    "off.out"  : { "$View"      : []  },
                    "off.over" : { "$zebra.ui.RadioView" : [ "lightGray", "#DDDDDD"]  },
                    "on.over"  : { "$zebra.ui.RadioView" : [ "#111111", "red"    ] },
                    "don"      : { "$zebra.ui.RadioView" : [ "#AAAAAA", "#AAAAAA"] },
                    "doff"     : { "$View" : [] }
                } 
            }
        }
    },

    "BorderPan": {
        "Label": {
            "properties": {
                "font" : "@boldFont",
                "color": "@palette.gray1"
            }
        },

        "properties": {
            "border": { "$zebra.ui.TitledBorder": [ "@borders.plain", "center" ] }
        }
    },

    "SplitPan": {
        "Bar": {
            "properties": {
              "border"        : "@borders.plain",
              "background"    : {
                    "*"        : "white",
                    "over"     : "rgb(65, 131, 255)",
                    "pressed.*": "red"
                },
              "preferredSize" : [ 6, 6 ]
            }
        }
    },

    "Scroll" : {
        "HIncButton": {
            "properties": {
                "view": {
                    "pressed.over" : { "$zebra.ui.ArrowView": [ 2, "gray" ] },
                    "out"          : { "$zebra.ui.ArrowView": [ 2 ] },
                    "over"         : { "$zebra.ui.ArrowView": [ 2, "red" ] },
                    "disabled"     : { "$zebra.ui.ArrowView": [ 2, "white" ] }
                },
                "preferredSize":[ 16, 11 ],
                "canHaveFocus": false
            }
        },

        "HDecButton": {
            "properties": {
                "view": {
                    "pressed.over" : { "$zebra.ui.ArrowView": [ 1, "gray" ] },
                    "out"     : { "$zebra.ui.ArrowView": [ 1 ] },
                    "over"    : { "$zebra.ui.ArrowView": [ 1, "red" ] },
                    "disabled": { "$zebra.ui.ArrowView": [ 1, "white" ] }
                },
                "preferredSize":[ 16, 11 ],
                "canHaveFocus": false
            }
        },

        "VIncButton": {
            "properties": {
                "view": {
                    "pressed.over" : { "$zebra.ui.ArrowView": [8, "gray"] },
                    "out"     : { "$zebra.ui.ArrowView": [8] },
                    "over"    : { "$zebra.ui.ArrowView": [8, "red"] },
                    "disabled": { "$zebra.ui.ArrowView": [8, "white"] }
                },

                "preferredSize" :[ 11, 16 ],
                "canHaveFocus": false
            }
        },

        "VDecButton": {
            "properties": {
                "view": {
                    "pressed.over" : { "$zebra.ui.ArrowView": [ 4, "gray" ] },
                    "out"     : { "$zebra.ui.ArrowView": [ 4 ] },
                    "over"    : { "$zebra.ui.ArrowView": [ 4, "red" ] },
                    "disabled": { "$zebra.ui.ArrowView": [ 4, "white" ] }
                },

                "preferredSize":[ 11, 16 ],
                "canHaveFocus": false
            }
        },

        "VBundle": {
            "properties": {
                "padding":1,
                "preferredSize" : [6, -1],
                "background" : { "$zebra.ui.BunldeView": [] }
            }
        },

        "HBundle": {
            "properties": {
                "padding":1,
                "preferredSize" : [ -1, 6 ],
                "background" : { "$zebra.ui.BunldeView": [ 32 ] }
            }
        },

        "properties": {
            "background":  null,
            "background2":  { ".expr": "zebra.isTouchable ? null : 'white'" }, 
            "padding"   : 1,
            "border"    : { "$Border": [ null, 0, 4 ] }
        }
    },

    "?zebra.isTouchable": {
        "mscroll": { "$zebra.ui.MobileScrollMan"  :[] },

        "ScrollPan": {
            "properties": {
                "autoHide": true
            }
        }
    },

    "TextField": {
        "hintFont"  : { "$Font": ["Arial", "bold italic", 12] },
        "hintColor" : "#C1C1C1",
        "properties": {
            "border"        : { 
                "focuson" :  { "$Border" : [ "#66CCFF", 2, 8 ] },
                "focusoff":  { "$Border" : [ "#DDDDDD", 2, 8 ] }
            },
            "background"    : "rgb(248, 250, 255)",
            "selectionColor": "#d3edad",
            "color"         : "#515151",
            "curW"          : 1,
            "cursorView"    : "@palette.black",
            "paddings"      : [4, 4, 4, 4]
        }
    },

    "Progress": {
        "properties": {
            "border"    : { "$Border" : [ "rgb(200,200,255)", 1, 3] },
            "bundleView": "@palette.gray4",
            "padding"   : 2
        }
    },

    "Tabs": {
        "TabView": {
            "captionRender"    : "@StringRender",
            "fontColor"        : "@palette.fontColor",
            "selectedFontColor": "black",
            "font"             : "@font",
            "selectedFont"     : { "$Font": ["Arial", "bold", 14 ] }
        },

        "properties" : {
            "border" : {  "$zebra.ui.TitledBorder": {"$Border": ["gray",1, 6] } },
            "views"  : {
                        "tab"    : { "$zebra.ui.TabBorder": 1 },
                        "tabover": { "$zebra.ui.TabBorder": 2 },
                        "tabon"  : { "$zebra.ui.TabBorder": 0 },
                        "marker" : { "$Border": [ "#66CCFF", 1, 3 ] }  
                    },
            "sideOffset" : 6,
            "pageGaps"  : [2 , 2]
        }
    },

    "BaseList": {
        "properties": {
            "views" :  {
                "select"    :  "rgb(228,244,252)",
                "top.marker": { "$Border": [ "#0081C4", 1, 4 ] },
                "marker"    : "#DEF1FF"
            },

            "border" : {
                "focuson"  :  { "$Border": [ "#66CCFF", 3, 4 ] },
                "focusoff" : "@borders.plain"
            },
            
            "padding": 0
        }
    },

    "List": {
        "properties": {
            "$inherit": [ "BaseList.properties" ],
            "gap":4
        }
    },

    "CompList": {
        "Label" : {
            "properties": {
                "padding":4
            }
        },

        "ImageLabel" : {
            "properties": {
                "padding":4
            }
        },

        "properties": {
            "$inherit": [ "BaseList.properties" ],
            "layout"  : { "$ListLayout":[] }
        }
    },

    "Combo": {
        "ComboPadPan": {
            "properties" : {
                "border"    : { "$Border":[ "#969696", 1, 3] },
                "background": "@palette.white"
            }
        },

        "ReadonlyContentPan": {
            "properties": {
                "padding": 0
            }
        },

        "EditableContentPan": {
            "TextField": {
                "properties": {
                    "$inherit"  : [ "TextField.properties" ],
                    "border"    : null,
                    "background": null,
                    "paddings"  : [ 0,0,0,0 ]
                }
            },

            "properties": {
                "padding": 4,
                "layout": { "$BorderLayout": [ 0, 0 ] }
            }
        },

        "Button": {
            "properties": {
                "preferredSize": [16, 16],
                "view": {
                   "out"       : { "$zebra.ui.ComboArrowView": [ ] },
                   "over"      : { "$zebra.ui.ComboArrowView": [ "red" ] },
                   "pressed.*" : { "$zebra.ui.ComboArrowView": [ "blue", true] },
                   "disabled"  : { "$zebra.ui.ComboArrowView": [ "#CCCCCC"] }
                }
            }
        },

        "List": {
            "properties": {
                "border"  : null,
                "$inherit": [ "List.properties" ]
            }
        },

        "properties": {
            "paddings"     : [ 0, 4, 0, 4 ],
            "border"       : { 
                "focuson" :  { "$Border" : [ "#66CCFF", 2, 8 ] },
                "focusoff":  { "$Border" : [ "#DDDDDD", 2, 8 ] } 
            },
            "background"   : { "$Gradient": [ "rgb(250, 250, 250)", "rgb(234, 234, 234)"] },
            "layout"       : { "$BorderLayout": [0, 0] },
            "selectionView":  null
        }
    },

    "Slider": {
        "properties": {
            "border": { 
                "focuson" :  { "$Border" : [ "#66CCFF", 1, 3 ] },
                "focusoff":  { "$View":[] }
            },
            "views" : { 
                 "gauge"  : { "$Border" : "@palette.gray3" },
                 "hbundle": { "$Picture": [ "@pictures.zebra", 49,0,11,18 ] },
                 "vbundle": { "$Picture": [ "@pictures.zebra", 61,0,18,11 ] }
            }, 
            "scaleColor": "@palette.gray1",
            "padding"   : 4
        }
    },

    "Link": {
        "properties": {
            "font"        : "@boldFont",
            "colors"      : [ "blue", "darkBlue", "black", "blue", "gray" ], 
            "canHaveFocus": false
        }
    },

    "MenuItem" : {
        "properties": {
            "paddings"  : [ 4,4,4,4]
        }
    },

    "Menu": {
        "Label": {
            "properties": {
                "color": "#5A5A5A",
                "paddings": [ 0,0, 0, 0 ],
                "font" : { "$Font": ["Arial", "bold", 14] }
            }
        },

        "CheckStatePan": {
            "properties": {
                "view": { 
                    "on"    : { "$zebra.ui.StringRender":[ "✓",  { "$Font": [ "Arial", "bold", 16] }, "gray" ] },
                    "dis.on": { "$zebra.ui.StringRender":[ "✓",  { "$Font": [ "Arial", "bold", 16] }, "lightGray" ] },
                    "off"   : null
                }
            }
        },

        "Line": {
            "properties": {
                "padding": 4
            }
        },

        "SubImage": {
            "properties": {
                "paddings": [ 0, 0, 0, 4],
                "view": { 
                    "arrow" :  { "$zebra.ui.ArrowView" : [ "right", "black", 9 ] },
                    "*"     : null
                }
            }
        },

        "properties": {
            "border"     : { "$Border": []  },
            "background" : "rgba(255,255,255, 0.8)",
            "paddings"    : [ 4,0,4,0 ],
            "views"      : { 
                "marker" : { "$Gradient": [ "rgb(228,244,252)", "rgb(167,217,245)"  ] }
            },
            "layout"     : { "$ListLayout":0 }
        }
    },

    "Menubar": {
        "MenuItem":{
            "properties": {
                "$inherit" : [ "MenuItem.properties" ],
                "paddings" : [6,16,6,16]
            }
        },

        "properties": {
            "$inherit": [ "Menu.properties" ],

            "background": [ [ "#DCF0F7", { "$Gradient":["rgba(255, 255, 255, 0.8)", "rgba(255, 255, 255, 0.0)"] } ] ] ,
            "paddings"   : [0,0,0,0],
            "layout"     : { "$FlowLayout": 0 },
            "views"     : {
                "select" : { "$Gradient": [ "rgb(228,244,252)", "rgb(167,217,245)"  ] } ,
                "marker" : { "$Gradient": [ "rgb(218,234,242)", "rgb(157,207,235)"  ] } 
            }
        }
    },

    "Toolbar": {
        "Combo": {
            "properties": {
                "background": "@palette.white",
                "border"    : { "$Border": "rgb(200,180,200)" },
                "paddings"  : [1, 4, 1, 1]
            }
        },

        "ToolPan": {
            "properties": {
                "border"    : {
                    "over": { "$Border": [ "#32B6E6", 1, 6] },
                    "*" : null,
                    "pressed.over": { "$Border": [ "#E6563A", 1, 6] }
                },

                "background"    : {
                    "over": "#E1F0F5",
                    "*" : null,
                    "pressed.over": "#FF8637"
                }
            }
        },

        "ImagePan": {
            "properties": {
                "padding": 4
            }
        },

        "Radiobox": {
            "properties": {
                "canHaveFocus": true
            }
        },

        "Checkbox": {
            "properties": {
                "$inherit" : [ "Checkbox.properties"],
                "canHaveFocus": false,
                "padding": 4,
                "background": {
                    "on.*": "orange",
                    "off.*": null
                }
            }
        },

        "properties": {
            "layout" : { "$FlowLayout":[ "left", "center", "horizontal", 6 ] },
            "border" : "@borders.plain",
            "padding": 4
        }
    },

    "ExtendablePan": {
        "Label":{
            "properties": {
                "font"  : "@boldFont",
                "color" : "@palette.white"
            }
        },

        "TitlePan":{
            "properties": {
                "padding"    : 4,
                "background" : { "$Gradient": [ "rgb(220,220,220)", "rgb(160,160,160)" ] },
                "layout"     : { "$FlowLayout": 4  }
            }
        },

        "TogglePan":{
            "properties": {
                "view" : { 
                    "off" : { "$zebra.ui.tree.TreeSignView": [ true,  "white", "orange" ], "width":14, "height":14  },
                    "on"  : { "$zebra.ui.tree.TreeSignView": [ false, "white", "orange" ], "width":14, "height":14  }
                }
            }
        },

        "properties" :{
            "layout": { "$BorderLayout":[] }
        }
    },

    "tree": {
        "DefViews": {
            "color" : "@palette.gray1",
            "font"  : "12px 'Lucida Grande', 'Lucida Sans', Arial, sans-serif"
        },

        "Tree": {
            "properties": {
                "lineColor" : "rgb(65, 131, 215)",
                "views": {
                    "close"   : { "$Picture": [ "@pictures.zebra", 61 ,20 ,16,14, true ] },
                    "open"    : { "$Picture": [ "@pictures.zebra", 49 ,34,16,14, true ] },
                    "leaf"    : { "$Picture": [ "@pictures.zebra", 49 ,20 ,16,14, true ] },
                    "off"     : { "$zebra.ui.tree.TreeSignView": [] },
                    "on"      : { "$zebra.ui.tree.TreeSignView": false },
                    "aselect" : [ [ "rgb(228, 244, 252)", { "$Border": "rgb(200,180,200)" } ] ]
                }
            }
        }
    },

    "grid" : {
        "DefViews": {
            "cellBackground": null,
            "font": "13px 'Lucida Grande', 'Lucida Sans', Arial, sans-serif",
            "color": "rgb(74,74,74)",

            "properties" : { 
                "render2": {
                    "font": "13x 'Lucida Grande', 'Lucida Sans', Arial, sans-serif"
                }
            }
        },

        "DefEditors" : {
            "TextField": {
                "properties": {
                    "$inherit" : [ "TextField.properties" ],
                    "border":null
                }
            },

            "Combo": {
                "properties": {
                    "$inherit" : [ "Combo.properties" ],
                    "border":null
                }
            },

            "Checkbox": {
                "properties": {
                    "$inherit" : [ "Checkbox.properties" ]
                }
            }

        },

        "BaseGridCaption": {
            "properties": {
                "border": { "$Border":"gray" },
                "background" : { "$Gradient": [ "white", "lightGray" ] }
            }
        },

        "CompGridCaption" :{
            "StatusPan": {
                "properties": {
                    "view" : {
                        "*"       : { "$zebra.ui.ArrowView" : [ "left", "rgb(255, 153, 0)" ], "width":9, "height":9  },
                        "ascent"  : { "$zebra.ui.ArrowView" : [ "top", "rgb(255, 153, 0)"  ]   },
                        "descent" : { "$zebra.ui.ArrowView" : [ "bottom", "rgb(255, 153, 0)" ] }
                    }
                }
            },

            "TitlePan": {
                "properties": {
                    "padding":6
                }
            },

            "Link": {
                "properties" : {
                    "font"  : "bold 14px 'Lucida Grande', 'Lucida Sans', Arial, sans-serif", 
                    "colors": [ "orange", "red", "black", "blue", "gray" ]
                }
            },

            "properties": {
                "$inherit": [ "grid.BaseGridCaption.properties" ]
            }            
        },

        "GridCaption" :{
            "properties": {
                "$inherit": [ "grid.BaseGridCaption.properties" ],
                "padding" : 4
            },

            "font"     : "@boldFont",
            "fontColor": "rgb(65, 131, 215)"
        },

        "Grid": {
            "CornerPan" : {
                "properties": {
                    "$inherit": [ "grid.BaseGridCaption.properties" ]
                }
            },

            "properties": {
                "views" : {
                    "onselection" :"#D0EAFF",
                    "offselection":"#ADC1D6"
                },
                "lineColor": "rgb(65, 131, 215)"
            }
        }
    },

    "Tooltip": {
        "borderColor":"gray",
        "borderWidth":1,

        "Label": {
            "properties": {
                "font":   "bold 11px Arial",
                "color":  "gray",
                "padding":2
            }
        },

        "properties": {
            "background" : "yellow",
            "layout": { "$FlowLayout": [ "center", "top" ] }
        }
    },

    "Window": {
        "CaptionPan": {
            "properties": {
                "layout"     : { "$BorderLayout":[] },
                "background" : { 
                      "active"  : { "$zebra.ui.WindowTitleView": [] },
                      "inactive": { "$zebra.ui.WindowTitleView": "#E0F4FF" }
                },
                "padding"  : 8
            }
        },

        "ContentPan": {
            "properties": {
                "layout": { "$BorderLayout":[] }
            }
        },

        "TitleLab": {
            "properties": {
                "font" : {"$Font" : ["Verdana", 16] },
                "color": "@palette.white"
            }
        },

        "StatusPan": {
            "properties": {
                "layout": { "$FlowLayout":["right","center"] }
            }
        },

        "SizerIcon": {
            "properties": {
                "paddings" : [0,0,1,2],
                "image"    : { "$Picture": [ "@pictures.zebra",0,32,9,8 ] }
            }
        },

        "Icon": {
            "properties": {
                "visible":false 
            }
        },

        "Button": {
            "properties": {}
        },

        "properties": {
            "border"    : { "active"   : { "$Border":["#33AAFF", 2, 8], "gap":2 },
                            "inactive" : { "$Border":["lightGray", 2, 8], "gap":2 } },
            "background": "#ECECEC",
            "paddings"  : [0,0,2,0],
            "buttons"   : {
                "close": {
                    "over"   : { "$Picture": [ "@pictures.zebra",16,0,16,16   ]},
                    "out"    : { "$Picture": [ "@pictures.zebra",0,0,16,16    ]},
                    "pressed": { "$Picture": [ "@pictures.zebra",32,0,16,16   ]}
                }
            }
        }
    },

    "HtmlElement": {
        "properties": {
            "styles": {
                "margin"          : "0px",
                "boxSizing"       : "border-box",
                "-moz-box-sizing" : "border-box",
                "display"         : "block",
                "backgroundColor" : "transparent",
                "position"        : "absolute",
                "zIndex"          : 10,
                "visibility"      : "hidden",
                "boxShadow"       : "none",
                "-moz-box-shadow" : "none",
                "isIE:overflow"   : "hidden"
            },

            "border": null
        }
    },

    "HtmlTextInput": {
        "properties": {
            "$inherit": [ "HtmlElement.properties", "TextField.properties" ],
            "style"   : [ "outline", "none"],
            "paddings" : [4,4,4,4] 
        }
    },

    "HtmlTextField": {
        "properties": {
            "$inherit": [ "HtmlTextInput.properties" ],
            "border": "@borders.plain"
        }
    },

    "HtmlTextArea": {
        "properties": {
            "$inherit": [ "HtmlTextInput.properties" ],
            "style"   : [ "resize", "none" ],
            "padding" : 16
        }
    }
}